locality,region,subdivision,proper
boston,ma,allston,Allston
boston,ma,boston,Boston
boston,ma,brightobosn,Brighton
boston,ma,charlestown,Charlestown
boston,ma,dorchester,Dorchester
boston,ma,dorchester center,Dorchester Center
boston,ma,east boston,East Boston
boston,ma,hyde park,Hyde Park
boston,ma,jamaica plain,Jamaica Plain
boston,ma,mattapan,Mattapan
boston,ma,roslindale,Roslindale
boston,ma,roxbury,Roxbury
boston,ma,roxbury crossing,Roxbury Crossing
boston,ma,south boston,South Boston
boston,ma,west roxbury,West Roxbury
los angeles,ca,beverly hills,Beverly Hills
los angeles,ca,burbank,Burbank
los angeles,ca,canoga park,Canoga Park
los angeles,ca,chatsworth,Chatsworth
los angeles,ca,culver city,Culver City
los angeles,ca,dodgertown,Dodgertown
los angeles,ca,encino,Encino
los angeles,ca,gardena,Gardena
los angeles,ca,glendale,Glendale
los angeles,ca,granada hills,Granada Hills
los angeles,ca,harbor city,Harbor City
los angeles,ca,la crescenta,La Crescenta
los angeles,ca,lomita,Lomita
los angeles,ca,long beach,Long Beach
los angeles,ca,los angeles,Los Angeles
los angeles,ca,malibu,Malibu
los angeles,ca,marina del rey,Marina Del Rey
los angeles,ca,mission hills,Mission Hills
los angeles,ca,north hills,North Hills
los angeles,ca,north hollywood,North Hollywood
los angeles,ca,northridge,Northridge
los angeles,ca,pacific palisades,Pacific Palisades
los angeles,ca,pacoima,Pacoima
los angeles,ca,panorama city,Panorama City
los angeles,ca,playa del rey,Playa Del Rey
los angeles,ca,playa vista,Playa Vista
los angeles,ca,porter ranch,Porter Ranch
los angeles,ca,reseda,Reseda
los angeles,ca,san fernando,San Fernando
los angeles,ca,san pedro,San Pedro
los angeles,ca,santa monica,Santa Monica
los angeles,ca,sherman oaks,Sherman Oaks
los angeles,ca,studio city,Studio City
los angeles,ca,sun valley,Sun Valley
los angeles,ca,sunland,Sunland
los angeles,ca,sylmar,Sylmar
los angeles,ca,tarzana,Tarzana
los angeles,ca,topanga,Topanga
los angeles,ca,torrance,Torrance
los angeles,ca,tujunga,Tujunga
los angeles,ca,universal city,Universal City
los angeles,ca,valley village,Valley Village
los angeles,ca,van nuys,Van Nuys
los angeles,ca,venice,Venice
los angeles,ca,west hills,West Hills
los angeles,ca,west hollywood,West Hollywood
los angeles,ca,wilmington,Wilmington
los angeles,ca,winnetka,Winnetka
los angeles,ca,woodland hills,Woodland Hills
new york,ny,arverne,Arverne
new york,ny,astoria,Astoria
new york,ny,bayside,Bayside
new york,ny,bellerose,Bellerose
new york,ny,breezy point,Breezy Point
new york,ny,bronx,Bronx
new york,ny,brooklyn,Brooklyn
new york,ny,cambria heights,Cambria Heights
new york,ny,college point,College Point
new york,ny,corona,Corona
new york,ny,east elmhurst,East Elmhurst
new york,ny,elmhurst,Elmhurst
new york,ny,far rockaway,Far Rockaway
new york,ny,floral park,Floral Park
new york,ny,flushing,Flushing
new york,ny,forest hills,Forest Hills
new york,ny,fresh meadows,Fresh Meadows
new york,ny,glen oaks,Glen Oaks
new york,ny,hollis,Hollis
new york,ny,howard beach,Howard Beach
new york,ny,jackson heights,Jackson Heights
new york,ny,jamaica,Jamaica
new york,ny,kew gardens,Kew Gardens
new york,ny,little neck,Little Neck
new york,ny,long island city,Long Island City
new york,ny,manhattan,Manhattan
new york,ny,maspeth,Maspeth
new york,ny,middle village,Middle Village
new york,ny,new hyde park,New Hyde Park
new york,ny,new york,New York
new york,ny,oakland gardens,Oakland Gardens
new york,ny,ozone park,Ozone Park
new york,ny,queens,Queens
new york,ny,queens village,Queens Village
new york,ny,rego park,Rego Park
new york,ny,richmond hill,Richmond Hill
new york,ny,ridgewood,Ridgewood
new york,ny,rockaway park,Rockaway Park
new york,ny,rosedale,Rosedale
new york,ny,saint albans,Saint Albans
new york,ny,south ozone park,South Ozone Park
new york,ny,south richmond hill,South Richmond Hill
new york,ny,springfield gardens,Springfield Gardens
new york,ny,staten island,Staten Island
new york,ny,sunnyside,Sunnyside
new york,ny,whitestone,Whitestone
new york,ny,woodhaven,Woodhaven
new york,ny,woodside,Woodside
